Internetusemeanhoursperweek,DepressionBefore,DepressionAfter,Gender,Racewhite1minority0,Age,Householdincome$000,Householdsize,HighDepressBefore,HighDepressAfter,DepressionChange,DepressionChangeHigh,logInternetUse,ADJ_1,ZRE_1,COO_1,SDB0_1,SDB1_1,ADJ_2,ZRE_2,COO_2,SDB0_2,SDB1_2,HighLev
10.45646,2.066406,.071426,female,1,Adult,85,5,1,0,-1.99498,0,2.34722953265363,-.000268580095014403,-3.50738131524501,.149847340790419,-.0546307293078302,-.486392345864657,-.0693211503695899,-3.40759299004418,.0863528965169693,-.374598373262804,-.324368770735734,1
11.95453,.199982,1.714111,female,0,Adult,85,5,0,1,1.514129,1,2.48111865103779,-.08103585839631,2.7851030237351,.124171519614108,.0122408774985169,.453857412634999,-.12092777397639,2.89140889527441,.0651079585007636,.318111205586758,.283148417535419,1
23.77727,.933228,2.356934,female,1,Adult,36.25,4,0,1,1.423706,1,3.16873428800587,-.118518752820354,2.42859304832743,.48264460627689,-.222034766773166,.975670990975363,-.12072645469615,2.72060424482255,.07271295174095,.316781422210293,.318747222175415,1
31.18628,1,.714233,female,1,Teen,36.25,4,0,0,-.285767,0,3.43998146104325,.264019619948597,-.770175263171423,.108641235478655,.128866319583628,-.459174354581222,-.0855382331424727,-.352107857375377,.0013311478675692,-.0409538816189657,-.0429444461138897,1
10.52884,1.933105,.071426,female,1,Teen,62.5,4,0,0,-1.861679,0,2.35412765631151,-.00218475351159708,-3.26860139880605,.131931002994469,-.048889967499132,-.4548980787268,-.0711664554710831,-3.16833421591577,.0748303529156771,-.34662514458532,-.300582942794,1
