Name,Year,Max.Wind.Speedkts,Central.Pressuremb,Category,pressureJitter,windspeedJitter,Recent,ADJ_1,ZRE_1,COO_1,DFB0_1,DFB1_1,log_Windspeed,ADJ_2,ZRE_2,COO_2,DFB0_2,DFB1_2,filter_$,ADJ_3,ZRE_3,COO_3,DFB0_3,DFB1_3,ADJ_4,ZRE_4,COO_4,DFB0_4,DFB1_4,ADJ_5,ZRE_5,COO_5,DFB0_5,DFB1_5
-----,1887,65,946,1,945.5,64.5596852246672,0,109.579128975289,-5.38666873228251,.172066460589687,-14.5474717419521,.0148318638110227,1.81291335664286,2.03631093753117,-5.62028210933003,.187314725316776,-.0729011550897443,7.43263175304339E-05,0, , , , , ,109.659687216726,-5.77248568621561,.549644374253956,-42.3537063203863,.0433089203729378,109.459883240701,-4.9325100068586,.305156241579784, , 
-----,1909,65,955,1,954.5,61.7768639465794,0,100.533364934857,-4.31411747192353,.0648318775271057,-6.73315255868118,.00679475221817786,1.81291335664286,1.9941584599959,-4.58155466230655,.0731190281909892,-.0343438042985021,3.46580058010189E-05,0, , , , , ,100.395433967225,-4.6416612518991,.187978159395528,-20.8187173153417,.0211745893446319,100.499762001428,-3.9384478444344,.114836643485663, , 
